boneId,parentBoneId,m00,m01,m02,m03,m10,m11,m12,m13,m20,m21,m22,m23,m30,m31,m32,m33
0,-1,1.0,0.0,0.0,0.0,0.0,1.0,-1.8335299500904512e-08,0.0,0.0,5.0121812478209904e-08,1.0,0.0,0.0,0.0,0.0,1.0
1,0,1.0,0.0,0.0,0.0,0.0,1.0,1.1920928955078125e-07,0.0,0.0,-8.742277657347586e-08,1.0,0.0,0.0,0.0,0.0,1.0
2,0,1.0,0.0,0.0,0.0,0.0,1.0,1.1920928955078125e-07,6.676599979400635,0.0,-8.742277657347586e-08,1.0,-5.836869263475819e-07,0.0,0.0,0.0,1.0
3,2,1.0,0.0,0.0,0.0,0.0,0.9999904036521912,-0.004363192245364189,1.2434497875801753e-13,0.0,0.004363223910331726,0.9999904036521912,-1.0870583043560279e-20,0.0,0.0,0.0,1.0
4,3,0.39104217290878296,0.8602095246315002,-0.32730045914649963,1.2000000476837158,-0.9042302966117859,0.2927590608596802,-0.3109012246131897,3.5000009536743164,-0.17162002623081207,0.41753053665161133,0.8923086524009705,-3.0877376389071287e-07,0.0,0.0,0.0,1.0
5,4,0.9370152354240417,-9.18330478327789e-09,-0.3492884933948517,2.3999991416931152,3.990570718315212e-08,1.0,8.076118263034004e-08,4.7683712978141557e-07,0.3492884933948517,-5.782654710628776e-08,0.9370152354240417,-3.2782557468635787e-07,0.0,0.0,0.0,1.0
6,5,1.0,9.313225746154785e-09,-1.4901161193847656e-08,2.4000003337860107,-9.313223969797946e-09,1.0,1.0896474123001099e-07,1.6018780968352075e-07,1.4901161193847656e-08,-7.71782282527056e-08,1.0,2.7492642402648926e-06,0.0,0.0,0.0,1.0
7,6,1.0,1.30385160446167e-08,-8.196568423990414e-17,-1.73225998878479e-07,-1.30385160446167e-08,1.0,1.0663643479347229e-07,1.601874828338623e-07,1.0578975643085221e-15,-7.48499218161669e-08,1.0,-2.23517560016262e-08,0.0,0.0,0.0,1.0
8,3,0.390726774930954,-0.8602151274681091,0.3276621997356415,-1.2000000476837158,0.9045194387435913,0.292740136384964,-0.3100769817829132,3.5000009536743164,0.17081305384635925,0.4175322949886322,0.8924626111984253,-3.0877376389071287e-07,0.0,0.0,0.0,1.0
9,8,0.9376434683799744,-5.070853514865803e-09,0.3475985527038574,-2.399998664855957,-5.0233118997766724e-08,0.9999999403953552,1.5009156584255834e-07,-5.9604616353681195e-08,-0.3475985527038574,-1.2640680324693676e-07,0.9376434683799744,2.384185791015625e-07,0.0,0.0,0.0,1.0
10,9,1.0,-7.450580596923828e-09,2.7939677238464355e-09,-2.3999998569488525,7.450580152834618e-09,1.0,1.0780058801174164e-07,1.247972107876194e-07,-2.7939683899802503e-09,-7.601407503443625e-08,1.0,-7.078052988163108e-08,0.0,0.0,0.0,1.0
11,10,0.9999999403953552,-7.450580596923828e-09,3.725290298461914e-09,-7.729977369308472e-08,7.450580152834618e-09,0.9999998807907104,1.3876704940685158e-07,-2.3096799850463867e-07,-3.725290742551124e-09,-1.0698054353497355e-07,0.9999998807907104,2.019186447004776e-14,0.0,0.0,0.0,1.0
12,3,0.9999980330467224,0.0019862004555761814,1.8827910025720485e-05,0.0,-0.001986289629712701,0.9999530911445618,0.0094790393486619,4.09999942779541,1.8038445737111886e-10,-0.009479026310145855,0.9999550580978394,-3.584333398976014e-07,0.0,0.0,0.0,1.0
13,12,1.0,-1.1611334116423677e-10,-1.3642420526593924e-12,-2.3251374159372062e-09,1.1611334116423677e-10,1.0,1.1944212019443512e-07,-9.233262971974909e-07,1.364231861158971e-12,-8.765560721712973e-08,1.0,-3.7252094742257214e-09,0.0,0.0,0.0,1.0
14,2,1.0,0.0,0.0,0.0,0.0,0.9999619126319885,0.008726663887500763,1.2434497875801753e-13,0.0,-0.008726632222533226,0.9999619126319885,-1.0870583043560279e-20,0.0,0.0,0.0,1.0
15,14,1.0,-1.2027125251279358e-07,5.237072855379665e-07,0.800000011920929,-1.128168942272044e-13,0.974628746509552,0.22382719814777374,-1.3999998569488525,-5.373402132136107e-07,-0.22382716834545135,0.974628746509552,1.233232040931398e-07,0.0,0.0,0.0,1.0
16,15,1.0,-1.5117427302384703e-14,-3.917862806098252e-14,-5.748591291876437e-08,-4.459281607301991e-15,0.88945472240448,-0.45702335238456726,-2.200000286102295,4.175663382232318e-14,0.45702338218688965,0.88945472240448,1.9406357409934571e-07,0.0,0.0,0.0,1.0
17,16,1.0,-4.6890185068093615e-09,-5.37318840088119e-07,1.1483125206268596e-07,1.3237053053671843e-07,0.9712950587272644,0.23787754774093628,-2.2643964290618896,5.207798494666349e-07,-0.2378775030374527,0.9712951183319092,0.015771476551890373,0.0,0.0,0.0,1.0
18,17,1.0,8.470329472543003e-22,-1.6940723568571362e-21,-2.653433028854124e-14,-8.470327453059086e-22,1.0,1.1920928955078125e-07,4.263256414560601e-14,1.6940723568571362e-21,-8.742277657347586e-08,1.0,5.684305548367364e-15,0.0,0.0,0.0,1.0
19,14,1.0,-1.2157646267496602e-07,5.293907179293456e-07,-0.800000011920929,-1.273660132439583e-13,0.974628746509552,0.22382719814777374,-1.3999998569488525,-5.431716090242844e-07,-0.22382716834545135,0.974628746509552,1.233232040931398e-07,0.0,0.0,0.0,1.0
20,19,1.0,-7.97221988944885e-15,-1.3525265400661426e-14,-6.06970829153397e-08,9.095660016182963e-16,0.88945472240448,-0.45702335238456726,-2.200000047683716,1.567360099401314e-14,0.45702338218688965,0.88945472240448,3.052595047847717e-07,0.0,0.0,0.0,1.0
21,20,1.0,-4.739785453011791e-09,-5.431500085251173e-07,-6.403018204537148e-08,1.3380694952047634e-07,0.9712950587272644,0.23787754774093628,-2.2643966674804688,5.264315632302896e-07,-0.2378775030374527,0.9712951183319092,0.015771472826600075,0.0,0.0,0.0,1.0
22,21,1.0,-1.6940658945086007e-21,-2.117655069556776e-22,-1.1945999744966684e-13,1.6940658945086007e-21,1.0,1.1920928955078125e-07,-3.697042672001771e-14,2.117653554943838e-22,-8.742277657347586e-08,1.0,-5.684360181992462e-15,0.0,0.0,0.0,1.0
23,14,1.0,0.0,0.0,0.0,0.0,1.0,1.1920928955078125e-07,-7.087724185339539e-09,0.0,-8.742277657347586e-08,1.0,7.304441079769575e-11,0.0,0.0,0.0,1.0
